Country,Year,Total renewable water resources per capita (m3/inhab/year),Water Stress Index (%),Population (%)
Afghanistan,2015,1935.503042218,54.757019438,3.12134122890873
Afghanistan,2016,1886.176508877,54.757019438,2.58154939895659
Afghanistan,2017,1832.876970441,54.757019438,2.86649214750073
Afghanistan,2018,1780.750256005,54.757019438,2.88520797304849
Afghanistan,2019,1729.702583558,54.757019438,2.90852909268743
Afghanistan,2020,1676.321832238,54.757019438,3.13474690779163
Afghanistan,2021,1629.198915437,54.757019438,2.85135765449931
Albania,2015,10477.085538465,5.528846154,-0.291205786840436
Albania,2016,10482.242144653,6.5625,-0.159880412127734
Albania,2017,10488.460089152,6.556490385,-0.0919722937442495
Albania,2018,10496.998101851,5.757211539,-0.246732042281782
Albania,2019,10508.430579811,6.796875,-0.426007367032238
Albania,2020,10534.213695943,4.723557692,-0.574206959244013
Albania,2021,10579.008025334,4.783653846,-0.926918061639398
Algeria,2015,295.044750351,125.98846208,1.99994605069585
Algeria,2016,289.221469202,129.871957225,1.99343168879913
Algeria,2017,283.616422244,137.920360208,1.95700247075081
Algeria,2018,278.269326499,137.920360208,1.9033254281097
Algeria,2019,273.197505288,137.920360208,1.83944488568624
Algeria,2020,268.505239822,137.920360208,1.73245672803153
Algeria,2021,264.090909204,137.920360208,1.65770320084269
Angola,2015,5275.934015415,1.871883289,3.61767751762095
Angola,2016,5090.080359472,1.871883289,3.58621100683242
Angola,2017,4912.503805204,1.871883289,3.5509866361995
Angola,2018,4745.226578654,1.871883289,3.46445698360985
Angola,2019,4586.81738792,1.871883289,3.39527779197097
Angola,2020,4439.327584264,1.871883289,3.26834840458456
Angola,2021,4300.978785683,1.871883289,3.16602986153025
Antigua and Barbuda,2015,578.156791675,8.461538461,0.786935419380774
Antigua and Barbuda,2016,574.179585707,8.461538461,0.690288328652049
Antigua and Barbuda,2017,570.682294582,8.461538461,0.6109561448905
Antigua and Barbuda,2018,567.524501779,8.461538461,0.554872965946274
Antigua and Barbuda,2019,564.499495207,8.461538461,0.534443400511753
Antigua and Barbuda,2020,561.167227834,8.461538461,0.592053942582792
Antigua and Barbuda,2021,557.826194231,8.461538461,0.597151594527623
Argentina,2015,20256.575428777,10.456664077,1.07800134449604
Argentina,2016,20065.841442984,10.456664077,1.05718157762752
Argentina,2017,19889.856717852,10.456664077,1.03713389686514
Argentina,2018,19729.093766692,10.456664077,1.01580834908002
Argentina,2019,19582.74258518,10.456664077,0.993397493293046
Argentina,2020,19456.421027501,10.456664077,0.970053991438048
Argentina,2021,19352.96635494,10.456664077,0.947490959333989
Armenia,2015,2698.886088526,66.007665927,-0.392995248824912
Armenia,2016,2710.90275609,64.192051644,-0.444257166904663
Armenia,2017,2724.126843537,57.79705467,-0.486625263030829
Armenia,2018,2738.883794685,54.750857373,-0.54025108197947
Armenia,2019,2754.376547985,57.79705467,-0.564065542556681
Armenia,2020,2769.096751934,57.090982449,-0.533006606500067
Armenia,2021,2783.616042285,59.854750857,-0.522963242641951
Australia,2015,20654.707199375,3.707277845,1.43921665259925
Australia,2016,20334.190772154,4.271411339,1.56194049810399
Australia,2017,20007.861625629,4.84866963,1.64682779735017
Australia,2018,19696.363738994,4.957780458,1.49599671041328
Australia,2019,19402.796132218,4.246079614,1.47749071058438
Australia,2020,19166.303954753,3.486127865,1.23342825131378
Australia,2021,18980.684029132,4.599919582,0.14089508329287
Austria,2015,8990.536332354,9.10626017,1.12099250236958
Austria,2016,8893.734976084,8.998802616,1.08139629872802
Austria,2017,8832.058576668,8.891345062,0.694621103604983
Austria,2018,8789.082714996,8.783887507,0.487071924768999
Austria,2019,8750.059122021,8.676429953,0.444673639004876
Austria,2020,8722.714993876,8.676429953,0.415176731565556
Austria,2021,8708.729644045,8.676429953,0.435671684056384
Azerbaijan,2015,3515.493517501,51.618458821,1.19120985807018
Azerbaijan,2016,3475.755614736,52.45308015,1.11785721013911
Azerbaijan,2017,3442.8604804,53.52174873,0.98126180450475
Azerbaijan,2018,3415.407521402,53.729300066,0.866316916370841
Azerbaijan,2019,3388.628651547,55.597262089,0.846646726414021
Azerbaijan,2020,3371.430743812,53.888628836,0.684365325388407
Azerbaijan,2021,3362.263831873,57.265886509,0.441197735816311
Bahrain,2015,85.159990662,137.155172414,3.81660491261165
Bahrain,2016,82.289287992,133.706896552,3.42907892150581
Bahrain,2017,79.624720455,133.706896552,3.29163380324261
Bahrain,2018,77.991582288,133.706896552,2.07237016433842
Bahrain,2019,77.634139747,133.706896552,0.459362584678761
Bahrain,2020,78.512645612,133.706896552,-1.12524267833833
Bahrain,2021,79.274772512,133.706896552,-0.966024840061971
Bangladesh,2015,7774.390166635,5.723339482,1.19106112723824
Bangladesh,2016,7679.289779724,5.723339482,1.23079535447054
Bangladesh,2017,7583.917036608,5.723339482,1.24972406577957
Bangladesh,2018,7496.348542598,5.723339482,1.16137846270492
Bangladesh,2019,7413.363990389,5.723339482,1.1131724900167
Bangladesh,2020,7329.02299665,5.723339482,1.14420974001656
Bangladesh,2021,7245.271389481,5.723339482,1.14931847631384
Barbados,2015,287.683892938,87.5,0.212392263810218
Barbados,2016,287.099541,87.5,0.203329499651748
Barbados,2017,286.546293345,87.5,0.192888292188534
Barbados,2018,286.033008209,87.5,0.179288797746607
Barbados,2019,285.530730245,87.5,0.175755759089405
Barbados,2020,285.008888715,87.5,0.182929163306018
Barbados,2021,284.495021337,87.5,0.180461453548187
Belarus,2015,5968.697429203,4.772577455,0.132853236725342
Belarus,2016,5964.085697422,4.785761371,0.0877210878706449
Belarus,2017,5964.229456577,4.604482531,-0.109782322950581
Belarus,2018,5971.797028211,4.581410679,-0.213824206997671
Belarus,2019,5985.132682329,4.475939354,-0.201786600970723
Belarus,2020,6010.126908137,4.377059987,-0.42347525027949
Belarus,2021,6044.997962554,4.696769941,-0.82823272086807
Belgium,2015,1626.912077315,49.066339066,0.579446241677791
Belgium,2016,1617.059750623,51.511551904,0.506300002451376
Belgium,2017,1607.450277303,53.956764742,0.385228018372369
Belgium,2018,1598.449416719,51.28992629,0.455184695275022
Belgium,2019,1589.84335091,51.584766585,0.540461327098122
Belgium,2020,1582.809888877,51.87960688,0.430996815099722
Belgium,2021,1576.03476371,51.87960688,0.411601996532257
Belize,2015,60393.863356592,1.260294485,2.11632063401839
Belize,2016,59170.244450918,1.260294485,2.04687117105776
Belize,2017,58004.819945929,1.260294485,1.9892678402512
Belize,2018,56885.459580282,1.260294485,1.94863445386443
Belize,2019,55857.823924749,1.260294485,1.82301611890652
Belize,2020,55033.79156844,1.260294485,1.48622151575632
Belize,2021,54330.789363824,1.260294485,1.28562992065572
Benin,2015,2413.841013766,0.975243811,2.95124912266827
Benin,2016,2343.676801729,0.975243811,2.94982814392549
Benin,2017,2275.631880197,0.975243811,2.94632156118807
Benin,2018,2210.091332296,0.975243811,2.92239218681089
Benin,2019,2147.196635044,0.975243811,2.88707408493347
Benin,2020,2087.30074049,0.975243811,2.82913811282206
Benin,2021,2030.484973526,0.975243811,2.75970517933377
Bhutan,2015,104941.111891442,1.413807531,0.934969649654716
Bhutan,2016,104033.151897738,1.413807531,0.868973710626164
Bhutan,2017,103158.092421716,1.413807531,0.844692720380736
Bhutan,2018,102349.310323109,1.413807531,0.787111572078005
Bhutan,2019,101634.093808269,1.413807531,0.701252583573764
Bhutan,2020,100970.089552703,1.413807531,0.655471789302584
Bhutan,2021,100323.349873824,1.413807531,0.642586172837449
Bosnia and Herzegovina,2015,10640.338402485,2.778884462,-1.31760658922995
Bosnia and Herzegovina,2016,10772.809772863,2.786188579,-1.23730578353764
Bosnia and Herzegovina,2017,10901.077229917,2.662018592,-1.18362667966933
Bosnia and Herzegovina,2018,11028.993311724,2.071713147,-1.16659481128762
Bosnia and Herzegovina,2019,11158.353098496,2.028552457,-1.16608133465016
Bosnia and Herzegovina,2020,11300.602970039,1.999521912,-1.26677102311527
Bosnia and Herzegovina,2021,11464.583760707,2.034840637,-1.44065259604193
Botswana,2015,5309.80131192,1.964864582,1.96236891205249
Botswana,2016,5203.161345612,2.104987975,2.02880248969911
Botswana,2017,5096.09299537,2.018195127,2.07922251369081
Botswana,2018,4993.04685591,2.133221792,2.04278510078483
Botswana,2019,4896.583672774,2.112307853,1.95085634796209
Botswana,2020,4806.78227554,2.305004706,1.85098576387245
Botswana,2021,4728.747967392,2.442972916,1.6367427551677
Brazil,2015,42141.798550263,3.019385343,0.845992601345206
Brazil,2016,41801.303491009,3.135224586,0.8112564782781
Brazil,2017,41471.435499664,3.105437352,0.79226340042227
Brazil,2018,41143.551492713,1.464112726,0.793768153848091
Brazil,2019,40829.551858295,1.484808454,0.766107802084815
Brazil,2020,40558.864472622,1.479304271,0.665176682246802
Brazil,2021,40345.039813444,1.481946279,0.528590452919416
Brunei Darussalam,2015,20169.088143661,3.466465712,1.14093587780034
Brunei Darussalam,2016,19953.332676047,3.466465712,1.07549615845856
Brunei Darussalam,2017,19754.762059701,3.466465712,1.00016015852588
Brunei Darussalam,2018,19572.896374179,3.466465712,0.924880804854795
Brunei Darussalam,2019,19404.266199138,3.466465712,0.865282211615446
Brunei Darussalam,2020,19242.741524704,3.466465712,0.835902308961215
Brunei Darussalam,2021,19085.12639967,3.466465712,0.822461681539278
Bulgaria,2015,2914.114479277,41.609875083,-0.638069468160719
Bulgaria,2016,2939.562998768,42.05041023,-0.701382097841331
Bulgaria,2017,2965.570974049,41.821272821,-0.730443175298289
Bulgaria,2018,2992.652826561,40.099046493,-0.722080405222853
Bulgaria,2019,3020.191897038,40.076871905,-0.703905641117455
Bulgaria,2020,3051.936654404,37.519402764,-0.60024151846542
Bulgaria,2021,3093.291942279,37.519402764,-0.814846471528947
Burkina Faso,2015,721.230168641,7.820267686,2.97234560821631
Burkina Faso,2016,700.37100987,7.820267686,2.93481128912484
Burkina Faso,2017,680.58563436,7.820267686,2.86565542084027
Burkina Faso,2018,662.000851971,7.820267686,2.76868116258088
Burkina Faso,2019,644.340998812,7.820267686,2.70387556725288
Burkina Faso,2020,627.246879633,7.820267686,2.68878766730686
Burkina Faso,2021,610.840850484,7.820267686,2.65037591522147
Burundi,2015,1168.623757219,10.19286754,2.18870609045616
Burundi,2016,1149.740808471,10.19286754,1.62902475388378
Burundi,2017,1123.741248,10.19286754,2.28730144695888
Burundi,2018,1090.706098209,10.19286754,2.98382355303175
Burundi,2019,1055.677559559,10.19286754,3.26424857025887
Burundi,2020,1025.840191021,10.19286754,2.86708219532744
Burundi,2021,998.787925916,10.19286754,2.67247846179476
Cabo Verde,2015,543.314872701,37.28478363,1.1090565508692
Cabo Verde,2016,537.255056466,39.652858556,1.12160806985756
Cabo Verde,2017,531.016684544,42.020933482,1.16795054980192
Cabo Verde,2018,525.208245069,44.389008407,1.09986005170242
Cabo Verde,2019,519.903644525,48.95751,1.01513458042928
Cabo Verde,2020,514.897706989,68.943736667,0.96752416855618
Cabo Verde,2021,510.269166986,57.177506667,0.90298888332359
Cambodia,2015,30880.446878529,1.03654485,1.34979002036239
Cambodia,2016,30471.211265529,1.03654485,1.33408515743887
Cambodia,2017,30074.49644169,1.03654485,1.3104826630319
Cambodia,2018,29709.387155436,1.03654485,1.22144565921597
Cambodia,2019,29374.843361933,1.03654485,1.13244216195679
Cambodia,2020,29036.047145612,1.03654485,1.16005769739725
Cambodia,2021,28699.701001078,1.03654485,1.16513584860257
Cameroon,2015,12304.104447616,1.560430107,3.14758224896897
Cameroon,2016,11941.397533615,1.560430107,2.99217541611777
Cameroon,2017,11607.752182874,1.560430107,2.83379809494988
Cameroon,2018,11291.336950522,1.560430107,2.7637376380325
Cameroon,2019,10982.323133497,1.560430107,2.7748797807221
Cameroon,2020,10688.500626645,1.560430107,2.71185365793296
Cameroon,2021,10410.451586014,1.560430107,2.63581940586039
Canada,2015,81215.430618374,3.679711638,0.760300145238936
Canada,2016,80357.689743557,3.706642636,1.13153974027004
Canada,2017,79388.640716557,3.733573635,1.19543575451553
Canada,2018,78357.772299874,3.733573635,1.43322615679352
Canada,2019,77340.089371244,3.733573635,1.46171259938134
Canada,2020,76592.747099696,3.733573635,1.08436897113225
Canada,2021,76058.159803488,3.733573635,0.553902422386893
Central African Republic,2015,29257.160690079,0.335648148,0.428340361843656
Central African Republic,2016,28751.00144224,0.335648148,1.74517542237586
Central African Republic,2017,28218.392748393,0.335648148,1.86986089522388
Central African Republic,2018,27675.385394463,0.335648148,1.94305862344608
Central African Republic,2019,27066.851668278,0.335648148,2.22336107125156
Central African Republic,2020,26389.56994359,0.335648148,2.5340939316943
Central African Republic,2021,25837.643577586,0.335648148,2.11363722558977
Chad,2015,3231.903427048,4.294921875,3.18410081276683
Chad,2016,3131.727517777,4.294921875,3.14864850561675
Chad,2017,3029.321980734,4.294921875,3.32459491646661
Chad,2018,2928.696806823,4.294921875,3.37812774879537
Chad,2019,2833.780599405,4.294921875,3.29458272753979
Chad,2020,2745.618560526,4.294921875,3.16053305963688
Chad,2021,2660.110106439,4.294921875,3.16388750517031
Chile,2015,51653.810572327,8.982121089,1.02942555374852
Chile,2016,51043.252390707,8.982121089,1.18906102612278
Chile,2017,50252.123504178,8.982121089,1.56205545588869
Chile,2018,49357.670127183,8.982121089,1.79596279901203
Chile,2019,48481.353355934,8.982121089,1.7913919716665
Chile,2020,47826.162422738,8.982121089,1.36064363430941
Chile,2021,47352.961937875,8.982121089,0.994344898418259
China,2015,1992.797491767,43.221688261,0.581456146657648
China,2016,1981.253814233,44.11416719,0.573050906069647
China,2017,1969.583240224,43.544499788,0.605245013482969
China,2018,1960.221356697,43.302756314,0.467672053461959
China,2019,1953.650423385,43.975402054,0.354740890170827
China,2020,1949.457387437,41.518528797,0.238040870229883
China,2021,1948.112126585,41.518528797,0.0892522000412526
Colombia,2015,50085.178759945,3.88559941,0.941994067106625
Colombia,2016,49552.812116838,4.189123876,1.068611890834
Colombia,2017,48809.06804648,4.126292522,1.51228960592288
Colombia,2018,47892.56382917,4.063461168,1.89558675057496
Colombia,2019,47023.749344606,4.169438689,1.83074694246543
Colombia,2020,46337.508827197,4.282896247,1.47010203160178
Colombia,2021,45810.510414107,4.39097809,1.14382091580962
Comoros,2015,1643.349365119,0.833333333,2.16006427268952
Comoros,2016,1608.07898884,0.833333333,2.1696163026429
Comoros,2017,1575.497857323,0.833333333,2.04689697470843
Comoros,2018,1545.76826615,0.833333333,1.90502758147562
Comoros,2019,1517.093855011,0.833333333,1.87244791212477
Comoros,2020,1488.527176785,0.833333333,1.90094081397491
Comoros,2021,1460.520310361,0.833333333,1.89944099480128
Costa Rica,2015,23083.639174529,5.450542662,1.04634340433544
Costa Rica,2016,22850.41772788,4.987559727,1.01547072688832
Costa Rica,2017,22627.868482823,4.163822526,0.978713315995535
Costa Rica,2018,22417.37016871,5.211023891,0.934615300864476
Costa Rica,2019,22224.267641545,5.355170648,0.865128346659953
Costa Rica,2020,22056.936174449,5.351672355,0.755771068349343
Costa Rica,2021,21924.901585326,5.881962457,0.600406861056438
Croatia,2015,24795.437639474,1.380262339,-0.824099163913538
Croatia,2016,24977.798170394,1.415320142,-0.69838345731273
Croatia,2017,25164.181375787,1.502830147,-1.20061016480925
Croatia,2018,25357.620565872,1.486674077,-0.893486927711056
Croatia,2019,25546.328205665,1.493997332,-0.554146739042888
Croatia,2020,25751.372572567,1.462872388,-0.433210220837755
Croatia,2021,25984.357662984,1.47843486,-4.25713872008371
Cuba,2015,3361.583450427,23.939446069,0.069407446002465
Cuba,2016,3360.955710504,23.939446069,0.0186756792498581
Cuba,2017,3362.618043374,23.939446069,-0.0494478967755684
Cuba,2018,3365.040512899,23.939446069,-0.0720152370566522
Cuba,2019,3368.474034429,23.939446069,-0.101983052203958
Cuba,2020,3373.242962514,23.939446069,-0.141475202325743
Cuba,2021,3386.526315939,23.939446069,-0.393012541562472
Cyprus,2015,656.963816454,31.71131766,0.870039642466962
Cyprus,2016,651.149822061,29.797703663,0.888918593369278
Cyprus,2017,645.415933333,29.524330235,0.884479029885329
Cyprus,2018,639.957467442,28.294149809,0.849324982193926
Cyprus,2019,634.747028896,27.610716238,0.817517719721429
Cyprus,2020,630.284185442,31.574630946,0.705573414651573
Cyprus,2021,626.914903536,32.121377802,0.535999429698235
Czechia,2015,1249.548879597,24.330900243,0.196588748472653
Czechia,2016,1249.098677941,24.860097324,0.192048415842684
Czechia,2017,1248.658167245,24.787104623,0.265642663548985
Czechia,2018,1248.268442834,24.178832117,0.334427262299794
Czechia,2019,1247.998575668,22.901459854,0.393788864202175
Czechia,2020,1248.699903988,20.772506083,0.243222682211879
Czechia,2021,1251.099945189,20.513990268,-1.81187141002542
Denmark,2015,1056.74807619,21.952406706,0.706423849687002
Denmark,2016,1051.366803128,23.985803137,0.780392644135167
Denmark,2017,1045.791004942,24.22385073,0.643350903737356
Denmark,2018,1040.458939502,29.903109789,0.495838925879129
Denmark,2019,1035.218477684,25.570416441,0.358130915892652
Denmark,2020,1029.929581998,26.40427258,0.291641177476633
Denmark,2021,1024.898193446,26.40427258,0.433414489409722
Djibouti,2015,298.133979423,6.333333333,1.72124773942831
Djibouti,2016,293.180332291,6.333333333,1.67550925836571
Djibouti,2017,288.396926458,6.333333333,1.64501401282776
Djibouti,2018,283.76898178,6.333333333,1.61772854346232
Djibouti,2019,279.331169448,6.333333333,1.57623975223144
Djibouti,2020,275.189972811,6.333333333,1.49363957876332
Djibouti,2021,271.356429384,6.333333333,1.40284750995694
Dominica,2015,2856.857171426,10.0,0.912632430301816
Dominica,2016,2854.084909026,10.0,0.0970860001159586
Dominica,2017,2840.788034601,10.0,0.466977884157329
Dominica,2018,2823.941374977,10.0,0.594793080912983
Dominica,2019,2800.022400179,10.0,0.850614263332306
Dominica,2020,2777.970692409,10.0,0.790672282535559
Dominica,2021,2761.973153621,10.0,0.577535935346367
Dominican Republic,2015,2258.348972,39.553314121,1.1960440040584
Dominican Republic,2016,2232.229364512,39.553314121,1.16332018268349
Dominican Republic,2017,2207.143933209,39.553314121,1.13014592909379
Dominican Republic,2018,2182.892789961,39.553314121,1.10483767973875
Dominican Republic,2019,2159.552915571,39.553314121,1.07497482890671
Dominican Republic,2020,2136.428894555,39.553314121,1.07655224672892
Dominican Republic,2021,2113.71365728,39.553314121,1.06892666709415
Ecuador,2015,27315.551798227,6.782352941,1.47983523757956
Ecuador,2016,26910.654983079,6.782352941,1.49338987255655
Ecuador,2017,26495.866548992,6.782352941,1.55335626648726
Ecuador,2018,25999.560875409,6.782352941,1.89090930713133
Ecuador,2019,25507.762454926,6.782352941,1.90968326333656
Ecuador,2020,25152.662847715,6.782352941,1.40190462603926
Ecuador,2021,24857.092786572,6.782352941,1.18206337539033
El Salvador,2015,4215.97203432,13.212726139,0.346286117647337
El Salvador,2016,4202.857046865,13.212726139,0.311563471293443
El Salvador,2017,4192.029749847,13.212726139,0.257949946994399
El Salvador,2018,4185.5590406,13.212726139,0.154476680476382
El Salvador,2019,4182.976479953,13.212726139,0.0617207329334854
El Salvador,2020,4174.658030035,13.212726139,0.199062369975812
El Salvador,2021,4160.485460711,13.212726139,0.340068122361035
Equatorial Guinea,2015,19302.539843041,0.183503244,3.92078547747936
Equatorial Guinea,2016,18585.673162359,0.183503244,3.78456615093479
Equatorial Guinea,2017,17922.456424304,0.183503244,3.63365484265393
Equatorial Guinea,2018,17309.204302536,0.183503244,3.48160747723884
Equatorial Guinea,2019,16741.455901395,0.183503244,3.33503679402461
Equatorial Guinea,2020,16290.226678504,0.183503244,2.73226949782894
Equatorial Guinea,2021,15907.336096315,0.183503244,2.37849451867221
Eritrea,2015,2190.115826139,11.175115207,0.49767257206961
Eritrea,2016,2173.663048649,11.175115207,0.754064581294597
Eritrea,2017,2153.413093517,11.175115207,0.935971649156141
Eritrea,2018,2123.136704462,11.175115207,1.41594960093608
Eritrea,2019,2090.706061304,11.175115207,1.53927354632927
Eritrea,2020,2057.162976803,11.175115207,1.61739994313834
Eritrea,2021,2020.544085703,11.175115207,1.7961013366299
Estonia,2015,9740.94383554,17.482063204,0.0655525295417938
Estonia,2016,9731.550254346,18.954545454,0.0291122255540077
Estonia,2017,9719.562612093,19.317099567,0.121070631466687
Estonia,2018,9685.753788532,17.408441558,0.348039137980543
Estonia,2019,9650.055499499,10.892316017,0.371554389037477
Estonia,2020,9632.59828921,9.231085498,0.197559185177642
Estonia,2021,9637.984768582,10.819801331,0.105996956310127
Eswatini,2015,3977.296778654,77.559912854,0.7143137221497
Eswatini,2016,3947.400667295,77.559912854,0.754508380699921
Eswatini,2017,3917.004663928,77.559912854,0.773005801268303
Eswatini,2018,3886.497051088,77.559912854,0.781899444165432
Eswatini,2019,3855.976293013,77.559912854,0.788402227821078
Eswatini,2020,3819.913522579,77.559912854,0.939644435809807
Eswatini,2021,3782.697054613,77.559912854,0.9790522575795
Ethiopia,2015,1190.570351022,31.510175146,2.69539316663887
Ethiopia,2016,1158.669007659,32.262996942,2.71605397227228
Ethiopia,2017,1127.562952903,32.257186544,2.72133142564532
Ethiopia,2018,1097.818923551,32.257186544,2.67332102071494
Ethiopia,2019,1069.04455825,32.257186544,2.656010133459
Ethiopia,2020,1041.036365013,32.257186544,2.65485915620519
Ethiopia,2021,1014.274449663,32.257186544,2.60431928274974
Fiji,2015,31127.344090711,0.29737303,0.178965105930181
Fiji,2016,31087.654117998,0.29737303,0.127589742794731
Fiji,2017,31065.734223123,0.29737303,0.0705348376627642
Fiji,2018,31066.511714958,0.29737303,-0.0025026999236921
Fiji,2019,31084.472462206,0.29737303,-0.0577971466911964
Fiji,2020,31018.380699288,0.29737303,0.212846220439299
Fiji,2021,30877.883648241,0.29737303,0.45397664568484
Finland,2015,20074.967227616,6.464785392,0.329383885818507
Finland,2016,20017.400580395,5.454114299,0.287421401687637
Finland,2017,19970.44374326,5.454114299,0.234670531705453
Finland,2018,19943.935783428,6.639791321,0.132641040791912
Finland,2019,19921.989112814,7.114062129,0.110191690491055
Finland,2020,19893.414701016,7.114062129,0.143641197212847
Finland,2021,19869.970910363,7.114062129,0.207288594407348
France,2015,3306.703711778,24.613499081,0.355569240058298
France,2016,3297.425309371,23.142782106,0.263868788565368
France,2017,3289.469273909,23.589249759,0.29020211635109
France,2018,3282.625941445,23.569048683,0.358494581816163
France,2019,3276.409776627,22.94676191,0.341374143157509
France,2020,3272.329816478,21.598137074,0.271350507669993
France,2021,3269.723826419,21.598137074,0.285508618638434
Gabon,2015,81833.181580435,0.502166065,3.08691638355563
Gabon,2016,79570.282129377,0.502166065,2.80421210921345
Gabon,2017,77562.30098378,0.502166065,2.55591859788162
Gabon,2018,75729.512429676,0.502166065,2.39135522463594
Gabon,2019,74015.119594611,0.502166065,2.28985536531904
Gabon,2020,72407.727038572,0.502166065,2.19563704311712
Gabon,2021,70904.446007759,0.502166065,2.09798810279019
Georgia,2015,16793.366023783,5.26875,0.157481405176007
Georgia,2016,16793.46399336,5.173127036,0.0598165991047394
Georgia,2017,16789.946711207,4.477296417,0.0133860746662629
Georgia,2018,16788.0551119,4.205602606,-0.0390365463489613
Georgia,2019,16794.795602325,5.120977199,-0.171565740223868
Georgia,2020,16816.643617801,5.386710098,0.0686562494680967
Georgia,2021,16852.138648955,5.240977199,-0.379636607027231
Germany,2015,1876.373179239,40.890083608,0.865702643950251
Germany,2016,1870.488744012,33.50191886,0.807218538573871
Germany,2017,1863.856783956,38.032351974,0.373724559895838
Germany,2018,1857.733871565,36.898484101,0.300526701992065
Germany,2019,1852.115972142,35.351657072,0.22551987421288
Germany,2020,1848.096367137,35.351657072,0.0816931586494595
Germany,2021,1846.333410839,35.351657072,0.0423270572552137
Ghana,2015,1946.594116665,6.27059721,2.36426975910316
Ghana,2016,1901.584347971,6.314734089,2.33938325896993
Ghana,2017,1859.556376025,6.314734089,2.23494542871956
Ghana,2018,1820.499937141,6.314734089,2.1226797659381
Ghana,2019,1782.865394614,6.314734089,2.08893118401294
Ghana,2020,1746.404589551,6.314734089,2.06626880077022
Ghana,2021,1711.690888362,6.314734089,2.00774487031161
Greece,2015,6329.441312985,20.044507384,-0.658861360878339
Greece,2016,6362.943408316,20.505765729,-0.415913028277122
Greece,2017,6397.169981785,20.501719603,-0.197783224759792
Greece,2018,6432.639589455,20.477442849,-0.202880238259165
Greece,2019,6468.682121395,20.463281408,-0.105339392724138
Greece,2020,6506.705711974,20.477442849,-0.214592106571664
Greece,2021,6548.359008996,20.683795266,-1.21680248998544
Grenada,2015,1680.954782316,7.05,0.850810358697201
Grenada,2016,1667.139022723,7.05,0.825295754248069
Grenada,2017,1653.97242828,7.05,0.792907050535382
Grenada,2018,1641.523990873,7.05,0.755485367413198
Grenada,2019,1629.673087579,7.05,0.724563813014991
Grenada,2020,1617.298626105,7.05,0.762219229220411
Grenada,2021,1605.007623786,7.05,0.762873605069601
Guatemala,2015,7993.821927445,5.742097081,1.69146509302391
Guatemala,2016,7851.572561151,5.742097081,1.65807331834237
Guatemala,2017,7715.310763079,5.742097081,1.62765379973835
Guatemala,2018,7591.018633871,5.742097081,1.60038598150372
Guatemala,2019,7477.345531229,5.742097081,1.56038604781094
Guatemala,2020,7366.93414015,5.742097081,1.51998785357799
Guatemala,2021,7264.112416726,5.742097081,1.4803168061015
Guinea,2015,19439.191370926,1.25704142,2.54927671891363
Guinea,2016,18942.275092962,1.29443787,2.58950004128743
Guinea,2017,18462.862157006,1.331834319,2.56349381271807
Guinea,2018,18000.991488239,1.369230769,2.53344244221774
Guinea,2019,17549.937142493,1.369230769,2.5376470778001
Guinea,2020,17114.530971356,1.369230769,2.51225012110646
Guinea,2021,16701.268838255,1.369230769,2.44431721949133
Guinea-Bissau,2015,17552.49958215,1.495726496,2.58264954343545
Guinea-Bissau,2016,17115.895324853,1.495726496,2.51887831990535
Guinea-Bissau,2017,16703.673637879,1.495726496,2.43789093573311
Guinea-Bissau,2018,16312.069632797,1.495726496,2.37233714760758
Guinea-Bissau,2019,15935.389607589,1.495726496,2.33629046990663
Guinea-Bissau,2020,15576.725792081,1.495726496,2.27645335668636
Guinea-Bissau,2021,15237.385361725,1.495726496,2.20258924567144
Guyana,2015,358925.660006013,3.298401827,0.52000388065714
Guyana,2016,357007.82650737,3.298401827,0.53575873239208
Guyana,2017,355059.665746045,3.298401827,0.547185665228521
Guyana,2018,344997.03378934,3.298401827,2.8750028594538
Guyana,2019,339278.850908854,3.298401827,1.67134809737405
Guyana,2020,339938.936430164,3.298401827,-0.194366443701065
Guyana,2021,336827.138075511,3.298401827,0.919614738982755
Haiti,2015,1327.368662494,13.383791767,1.43989350727897
Haiti,2016,1308.773345602,13.383791767,1.41082121304761
Haiti,2017,1290.739126269,13.383791767,1.38753007437198
Haiti,2018,1273.289497378,13.383791767,1.36113131762731
Haiti,2019,1256.40230249,13.383791767,1.33513859245585
Haiti,2020,1240.138567929,13.383791767,1.30291995864045
Haiti,2021,1224.888882522,13.383791767,1.23729899666313
Honduras,2015,9915.966476967,4.621268764,1.8093624065659
Honduras,2016,9741.672954015,4.621268764,1.77333693683233
Honduras,2017,9573.648346986,4.621268764,1.73985038012617
Honduras,2018,9411.356244607,4.621268764,1.7097289071087
Honduras,2019,9254.501708986,4.621268764,1.68069668453135
Honduras,2020,9105.52835509,4.621268764,1.622836376932
Honduras,2021,8966.813236956,4.621268764,1.5351396675707
Hungary,2015,10564.547046061,6.960276338,-0.237855001984657
Hungary,2016,10595.914215479,6.837651123,-0.295110604845478
Hungary,2017,10624.23402082,8.180518135,-0.265860932255517
Hungary,2018,10637.908309004,8.494752155,-0.126786951652838
Hungary,2019,10642.874656818,7.708246977,-0.0452557101106228
Hungary,2020,10666.03983171,8.070120898,-0.215067837129585
Hungary,2021,10710.843678738,8.070120898,-0.413751024472153
Iceland,2015,513502.084214342,0.379807039,1.04194038662969
Iceland,2016,506442.24324123,0.353308874,1.38808149583838
Iceland,2017,494715.276807748,0.394075282,2.34558267643862
Iceland,2018,481660.083978852,0.394075282,2.67814276922904
Iceland,2019,471209.122608614,0.394075282,2.19893225826166
Iceland,2020,463633.413241916,0.394075282,1.6230862512591
Iceland,2021,459043.838686595,0.394075282,1.6393166402584
India,2015,1444.514614874,66.492092832,1.18779532005068
India,2016,1427.497478516,66.492092832,1.18504622906796
India,2017,1411.09592079,66.492092832,1.15562449067646
India,2018,1395.833006118,66.492092832,1.08752772157855
India,2019,1381.594499159,66.492092832,1.02531077187097
India,2020,1368.460051694,66.492092832,0.95522085775158
India,2021,1357.593839072,66.492092832,0.797216093898126
Indonesia,2015,7791.441780307,28.784805589,1.1108549322781
Indonesia,2016,7709.370238284,29.696545285,1.05894205868913
Indonesia,2017,7632.169231494,29.696545285,1.00643952446092
Indonesia,2018,7558.781829012,29.696545285,0.966206435866139
Indonesia,2019,7488.235213514,29.696545285,0.937689273635294
Indonesia,2020,7425.568579064,29.696545285,0.840389268128048
Indonesia,2021,7374.160617547,29.696545285,0.694717688319757
Iraq,2015,2379.904789507,49.02247191,2.71497647013538
Iraq,2016,2322.087248927,54.087078652,2.45940250005547
Iraq,2017,2267.979924466,60.481741573,2.35769232939234
Iraq,2018,2213.807596321,47.140449438,2.41756068668666
Iraq,2019,2161.992054571,79.519662921,2.36838831392184
Iraq,2020,2111.52181273,63.258426966,2.36211183923937
Iraq,2021,2064.153125706,59.583848315,2.26888921028968
Ireland,2015,11145.022461507,5.792428617,0.944845307474728
Ireland,2016,11026.789160157,6.150679072,1.12883406399428
Ireland,2017,10897.23197734,6.508929526,1.08867556062
Ireland,2018,10756.008833993,20.042134832,1.23887545258946
Ireland,2019,10620.873816053,21.601123595,1.36762695363797
Ireland,2020,10513.293351818,21.685393258,1.02911050277336
Ireland,2021,10428.101648322,22.20505618,0.953878183519474
Israel,2015,222.283884493,98.869812786,1.98128897562083
Israel,2016,218.163750034,103.442325943,1.9603489624817
Israel,2017,214.218912714,103.614873609,1.93872567441099
Israel,2018,210.489396124,95.936502459,1.92662286520241
Israel,2019,206.786332446,100.422741782,1.90898263957994
Israel,2020,203.254608713,110.085411095,1.76367939210866
Israel,2021,199.998674166,131.998964714,1.68190551747412
Italy,2015,3176.004823676,29.923444063,-0.0963761331392095
Italy,2016,3182.042117862,29.842639097,-0.169884073301448
Italy,2017,3188.11909173,29.761834131,-0.14986111697397
Italy,2018,3194.860166415,29.681029166,-0.190063640113791
Italy,2019,3202.856579732,29.82201075,-1.15302842389952
Italy,2020,3215.094764036,29.645783769,-0.487095091717782
Italy,2021,3229.219067976,29.645783769,-0.515599998844444
Jamaica,2015,3873.040979515,7.668853368,0.354975145947794
Jamaica,2016,3861.640314055,12.473436201,0.294793625837463
Jamaica,2017,3853.828689606,12.343960016,0.202492605820257
Jamaica,2018,3849.087873222,12.214483831,0.123091479545611
Jamaica,2019,3846.436795008,12.085007646,0.0688992221522009
Jamaica,2020,3837.349970005,11.046430785,0.236519557799568
Jamaica,2021,3827.499076103,12.382818879,0.257040921915097
Japan,2015,3379.150076644,36.74364532,-0.106124993746747
Japan,2016,3385.990552283,36.643678161,-0.0511374152133631
Japan,2017,3394.849265219,36.459770115,-0.081874296046114
Japan,2018,3405.782349946,36.367816092,-0.126880068088791
Japan,2019,3418.350166363,36.045977011,-0.140464977878172
Japan,2020,3433.277340838,36.045977011,-0.294194617750067
Japan,2021,3450.696330457,36.045977011,-0.459952415807642
Jordan,2015,98.691354743,96.156827999,9.21991788769051
Jordan,2016,94.03234793,100.077527965,4.83585013508326
Jordan,2017,91.724430053,100.443016945,2.48500934190509
Jordan,2018,89.580506058,102.226160151,2.36510265786667
Jordan,2019,87.580873272,104.312769964,2.25750975365016
Jordan,2020,85.737388666,106.049396389,2.12736281777905
Jordan,2021,84.048854899,102.51633625,1.98907685592122
Kazakhstan,2015,6078.187548501,30.041608877,1.46148468519161
Kazakhstan,2016,5996.608246246,30.0,1.42204614032925
Kazakhstan,2017,5919.252032808,31.137309293,1.36038126908993
Kazakhstan,2018,5847.956686389,32.651872399,1.31452298457883
Kazakhstan,2019,5780.553941404,32.615811373,1.28960848954226
Kazakhstan,2020,5712.029715832,34.098474341,1.29863532544565
Kazakhstan,2021,5647.393934248,34.098474341,2.29640758923114
Kenya,2015,655.262005766,26.545754328,2.20032211952888
Kenya,2016,640.989905557,33.239901072,2.20214556198549
Kenya,2017,627.194452774,33.239901072,2.17570842690355
Kenya,2018,614.573962915,33.239901072,2.03273400450275
Kenya,2019,602.534373408,33.239901072,1.97845694844255
Kenya,2020,590.546107032,33.239901072,2.00970011079671
Kenya,2021,579.183933234,33.239901072,1.94276128252757
Kuwait,2015,5.116734459,3399.0,3.83756936489801
Kuwait,2016,4.940607719,3575.0,3.50280908539676
Kuwait,2017,4.848597689,3850.5,1.87988170001332
Kuwait,2018,4.632648358,3850.5,4.55608227002645
Kuwait,2019,4.5033888,3850.5,2.82985240186539
Kuwait,2020,4.586688879,3850.5,-1.83282064689651
Kuwait,2021,4.705756128,3850.5,-2.5628080932518
Latvia,2015,17540.55689009,1.041249263,-0.818626340945853
Latvia,2016,17704.801071814,1.095214302,-0.913885332226604
Latvia,2017,17873.384412813,1.067280854,-0.886215573292392
Latvia,2018,18050.970485062,1.080430171,-0.779138396192231
Latvia,2019,18230.627349593,1.052616382,-0.695239140136066
Latvia,2020,18418.050743997,1.067831467,-0.701211570733301
Latvia,2021,18645.416370718,1.067831467,-0.843294678005026
Lebanon,2015,703.710302019,58.792991564,1.96637326864653
Lebanon,2016,719.487797548,58.792991564,-2.2172797902348
Lebanon,2017,737.07877822,58.792991564,-2.4155210315248
Lebanon,2018,756.700021627,58.792991564,-2.62721254105458
Lebanon,2019,778.80879094,58.792991564,-2.87986589552119
Lebanon,2020,795.172387122,58.792991564,-2.07933690590844
Lebanon,2021,805.166655909,58.792991564,-1.24903516691702
Lesotho,2015,1426.466860607,2.565905097,1.10491438799432
Lesotho,2016,1409.599080542,2.565905097,1.18953362244047
Lesotho,2017,1392.230872604,2.565905097,1.2397919001165
Lesotho,2018,1374.875626531,2.565905097,1.25441313204544
Lesotho,2019,1357.77386191,2.565905097,1.25167812193172
Lesotho,2020,1340.668115878,2.565905097,1.26784087310275
Lesotho,2021,1324.593877413,2.565905097,1.2062178802275
Liberia,2015,50299.967760322,0.264311594,2.03541363752766
Liberia,2016,49297.751406314,0.264311594,2.01259665687601
Liberia,2017,48367.281118769,0.264311594,1.90548944068251
Liberia,2018,47449.672157535,0.264311594,1.91539593694733
Liberia,2019,46536.920928757,0.264311594,1.94236198013985
Liberia,2020,45601.212677766,0.264311594,2.03116860337744
Liberia,2021,44671.946171845,0.264311594,2.05886078022756
Libya,2015,113.044805309,817.142857143,1.53739411600028
Libya,2016,111.426004537,817.142857143,1.4423513120791
Libya,2017,109.74778235,817.142857143,1.5175888785251
Libya,2018,108.061495636,817.142857143,1.54843762620192
Libya,2019,106.559692913,817.142857143,1.39951441440416
Libya,2020,105.200796761,817.142857143,1.28344509210842
Libya,2021,103.930395142,817.142857143,1.21494764533037
Lithuania,2015,8266.512358436,2.752703677,-0.940753796646208
Lithuania,2016,8351.305684035,2.219899063,-1.27069453298857
Lithuania,2017,8435.331990566,1.867339582,-1.39832220092102
Lithuania,2018,8518.396955907,1.834102379,-0.954190459209969
Lithuania,2019,8599.258077072,1.834102379,-0.264704354944785
Lithuania,2020,8687.120758425,1.834102379,0.0267667582795671
Lithuania,2021,8791.915456941,1.834102379,0.212805429536827
Luxembourg,2015,6146.734854445,3.714759536,2.35995118136865
Luxembourg,2016,5999.818291217,3.68159204,2.15531198799205
Luxembourg,2017,5869.696100677,3.781094527,2.43097641776115
Luxembourg,2018,5757.402786254,4.328358209,1.92883751398765
Luxembourg,2019,5645.407138698,4.087893864,1.9628449198635
Luxembourg,2020,5552.039264022,3.963515755,1.66635867423273
Luxembourg,2021,5474.558164052,3.963515755,1.51834936706612
Madagascar,2015,13560.870522579,11.261506276,2.58818714317603
Madagascar,2016,13214.680404131,11.261506276,2.58601148442291
Madagascar,2017,12877.565835887,11.261506276,2.58416485189804
Madagascar,2018,12552.827569108,11.261506276,2.55407704067255
Madagascar,2019,12239.798055681,11.261506276,2.52531662828285
Madagascar,2020,11939.694833446,11.261506276,2.48242289292055
Madagascar,2021,11654.587223052,11.261506276,2.41686937370051
Malawi,2015,1020.134551497,17.504838085,2.75911370133102
Malawi,2016,992.782562694,17.504838085,2.71781408401004
Malawi,2017,966.379878897,17.504838085,2.69546636843743
Malawi,2018,940.772543031,17.504838085,2.68556142714987
Malawi,2019,915.86851923,17.504838085,2.68285756018368
Malawi,2020,891.776105778,17.504838085,2.66577178304392
Malawi,2021,868.78954991,17.504838085,2.61141776637435
Malaysia,2015,18668.226128738,3.192820513,1.49940972361564
Malaysia,2016,18397.269236232,3.36,1.4620698661924
Malaysia,2017,18138.714001455,3.439487179,1.41536933264598
Malaysia,2018,17901.637354742,3.439487179,1.31563682048248
Malaysia,2019,17680.759858091,3.439487179,1.24151463105699
Malaysia,2020,17469.883201481,3.439487179,1.19985962233223
Malaysia,2021,17275.337365,3.439487179,1.11985399101
Maldives,2015,68.873369423,15.666666667,4.42253409157761
Maldives,2016,66.042637126,15.666666667,4.19690422374828
Maldives,2017,63.499858184,15.666666667,3.92628779480377
Maldives,2018,61.254742138,15.666666667,3.59964034794787
Maldives,2019,59.463873715,15.666666667,2.96723053964137
Maldives,2020,58.316065298,15.666666667,1.94913457153784
Maldives,2021,57.531109948,15.666666667,1.35517739152214
Mali,2015,6625.109928517,8.00308642,3.14674716699948
Mali,2016,6417.075924596,8.00308642,3.1904414229907
Mali,2017,6213.960646469,8.00308642,3.21640725807966
Mali,2018,6019.775564708,8.00308642,3.17485008918529
Mali,2019,5834.469109987,8.00308642,3.12666991376831
Mali,2020,5653.965974433,8.00308642,3.14260365885334
Mali,2021,5478.205575416,8.00308642,3.15796436945004
Malta,2015,110.60517457,82.772277228,2.38639536345808
Malta,2016,107.974043468,82.97029703,2.28861544064371
Malta,2017,105.318698553,91.089108911,2.73866285589301
Malta,2018,102.728718881,84.62300297,3.49195540302534
Malta,2019,100.271029615,80.660965148,3.93135631850717
Malta,2020,97.990135013,81.597299802,2.21120767752363
Malta,2021,95.871270513,78.280071485,0.619810315667809
Mauritania,2015,2888.840459984,13.246217332,2.64595710222511
Mauritania,2016,2813.501847286,13.246217332,2.64252802228661
Mauritania,2017,2740.374734226,13.246217332,2.63352411058118
Mauritania,2018,2669.344128099,13.246217332,2.62618780349529
Mauritania,2019,2600.454532079,13.246217332,2.6146547551014
Mauritania,2020,2534.119473508,13.246217332,2.58400208033153
Mauritania,2021,2470.219767219,13.246217332,2.55391077109444
Mauritius,2015,2127.358479623,22.246455834,0.132404330287967
Mauritius,2016,2126.112228739,22.537259179,0.0687082325715694
Mauritius,2017,2124.749274179,22.173754998,0.0901672663767558
Mauritius,2018,2123.699513888,21.483097056,0.0545354541381391
Mauritius,2019,2122.228316589,21.628498728,0.0322330642925213
Mauritius,2020,2119.695367953,22.064703744,0.0022906802096937
Mauritius,2021,2117.921496018,21.95565249,0.0252729878913446
Mexico,2015,3844.264635533,32.131978934,1.16700884975484
Mexico,2016,3800.946024827,32.475955407,1.13323428792033
Mexico,2017,3760.100862869,32.949720167,1.08042073770937
Mexico,2018,3724.486894251,44.462684177,0.951668643927897
Mexico,2019,3692.583855829,44.718429693,0.860265089734684
Mexico,2020,3665.827179163,44.817024343,0.727243815691995
Mexico,2021,3645.377032777,45.015214606,0.559420832085433
Mongolia,2015,11737.92452582,3.154185022,2.11086627913691
Mongolia,2016,11486.835525349,3.395007342,2.16233694829923
Mongolia,2017,11240.201160841,3.395007342,2.17049015538793
Mongolia,2018,10998.767063497,3.395007342,2.17135597977155
Mongolia,2019,10765.894389051,3.395007342,2.13999709629328
Mongolia,2020,10563.588706067,3.395007342,1.8970150281402
Mongolia,2021,10394.942084042,3.395007342,1.60937103615911
Morocco,2015,836.205796359,50.751212019,1.25305827289905
Morocco,2016,826.039875964,50.751212019,1.22317023430594
Morocco,2017,816.254957517,50.751212019,1.1916294240897
Morocco,2018,807.180881526,50.751212019,1.1178970270223
Morocco,2019,798.801071209,50.751212019,1.04358412669917
Morocco,2020,790.432560675,50.751212019,1.05316017914606
Morocco,2021,782.164829424,50.751212019,1.05148431222073
Mozambique,2015,8087.695504486,1.751486326,3.04301971715626
Mozambique,2016,7838.537536142,1.751486326,3.12915549916881
Mozambique,2017,7599.028626426,1.751486326,3.1031851393148
Mozambique,2018,7378.36120718,1.751486326,2.94688715052533
Mozambique,2019,7168.42446054,1.751486326,2.88656653514774
Mozambique,2020,6963.189935134,1.751486326,2.90481965930954
Mozambique,2021,6768.074093546,1.751486326,2.84211234895462
Myanmar,2015,22682.797700697,5.801501397,0.802515042929721
Myanmar,2016,22504.280929738,5.801501397,0.790127200535222
Myanmar,2017,22333.850676196,5.801501397,0.760205959612812
Myanmar,2018,22173.692506898,5.801501397,0.719693108790769
Myanmar,2019,22017.257397086,5.801501397,0.70799909760206
Myanmar,2020,21859.417700902,5.801501397,0.71947282559554
Myanmar,2021,21707.092765609,5.801501397,0.699278204168444
Namibia,2015,17483.650968325,0.861552567,1.75460038083267
Namibia,2016,17177.76729484,0.861552567,1.76502653275581
Namibia,2017,16878.590030847,0.861552567,1.75699918544662
Namibia,2018,16589.903894117,0.861552567,1.72516455160384
Namibia,2019,16312.140221462,0.861552567,1.68846817343864
Namibia,2020,16033.920721482,0.861552567,1.72031062423917
Namibia,2021,15773.762119336,0.861552567,1.63585889002733
Nepal,2015,7613.094014648,8.311832662,0.538270619899636
Nepal,2016,7544.546021838,8.311832662,0.90447404681918
Nepal,2017,7458.284170278,8.311832662,1.14995372279388
Nepal,2018,7373.702024983,8.311832662,1.1405493652354
Nepal,2019,7290.38512656,8.311832662,1.13635160669166
Nepal,2020,7162.174911964,8.311832662,1.77426805557613
Nepal,2021,6998.504311089,8.311832662,2.31172371212952
New Zealand,2015,71232.673795743,8.04808476,2.0360339086492
New Zealand,2016,70050.198357741,8.04808476,2.24603210015584
New Zealand,2017,68896.4682027,8.04808476,2.08872272281936
New Zealand,2018,67582.565434184,8.04808476,1.79124016759035
New Zealand,2019,65940.261752591,8.04808476,1.59115889619722
New Zealand,2020,64610.038898405,8.04808476,2.20478869594563
New Zealand,2021,63746.082393858,8.04808476,0.413665247040229
Nicaragua,2015,26120.098472708,2.416392819,1.43794002440995
Nicaragua,2016,25749.56156723,2.367519666,1.42874739634574
Nicaragua,2017,25386.804663568,2.318646514,1.41880628469208
Nicaragua,2018,25032.587858647,2.269773362,1.40510472256985
Nicaragua,2019,24688.156707669,2.219818562,1.38548472522896
Nicaragua,2020,24352.06586248,2.220900209,1.37069568464204
Nicaragua,2021,24015.625045617,2.220900209,1.39120241997296
Niger,2015,1691.662869326,7.344283276,3.82885938381233
Niger,2016,1627.493464574,7.453924915,3.86709120542471
Niger,2017,1566.387072325,6.746113481,3.82693398223338
Niger,2018,1508.168159022,10.373340444,3.78759649907003
Niger,2019,1452.434807538,11.020937713,3.76544488542259
Niger,2020,1399.297491017,11.020937713,3.72710072523223
Niger,2021,1348.369494584,11.020937713,3.70742378461307
Nigeria,2015,1555.470414716,9.668217054,2.54118746244735
Nigeria,2016,1516.959005391,9.668217054,2.50703408562558
Nigeria,2017,1479.10105406,9.668217054,2.52731691971774
Nigeria,2018,1442.630319735,9.668217054,2.49664490408847
Nigeria,2019,1407.740661234,9.668217054,2.44820069834557
Nigeria,2020,1373.799092827,9.668217054,2.44060888477318
Nigeria,2021,1341.135078155,9.668217054,2.40636338101405
North Macedonia,2015,3036.107861527,20.832107131,-0.267729528193655
North Macedonia,2016,3032.893626943,25.261955469,-0.320367473371963
North Macedonia,2017,3030.333161457,38.69232817,-0.40242158713311
North Macedonia,2018,3028.16524887,52.122700871,-0.507220756968942
North Macedonia,2019,3027.184113338,38.70232333,-0.679308688552216
North Macedonia,2020,3031.635112398,38.335793804,-1.07910572041332
North Macedonia,2021,3042.794045632,37.969264279,-1.02945804668594
Norway,2015,75717.349638445,2.063368821,0.995084736958414
Norway,2016,75048.839034563,2.013604563,0.880969815359919
Norway,2017,74468.601157542,2.046106464,0.807673181884948
Norway,2018,73978.97717005,2.044449925,0.660090844249
Norway,2019,73481.581645236,2.042937874,0.675061373245644
Norway,2020,73050.513221678,2.041311754,0.588757324043059
Norway,2021,72737.085419435,2.009498099,0.534772281874925
Oman,2015,333.987312299,116.714285714,4.45160788841889
Oman,2016,318.321445543,116.714285714,4.80412978549779
Oman,2017,308.244166369,116.714285714,3.21694904054482
Oman,2018,304.271295242,116.714285714,1.29724948709333
Oman,2019,304.164798226,116.714285714,0.0350068045198641
Oman,2020,308.139346775,116.714285714,-1.29824513056146
Oman,2021,309.702241205,116.714285714,-0.5059218392323
Pakistan,2015,1169.838466259,120.790135574,1.29655172364692
Pakistan,2016,1155.837419197,122.550763757,1.20405567252781
Pakistan,2017,1140.587824673,122.673455616,1.32813543357738
Pakistan,2018,1123.189090262,118.238144899,1.5371724033626
Pakistan,2019,1105.272850128,108.649776087,1.6079813474837
Pakistan,2020,1086.283187486,116.305748114,1.73302782045863
Pakistan,2021,1066.541668674,162.069811668,1.83406208240793
Panama,2015,35203.567057584,0.930749777,1.74123543377264
Panama,2016,34598.205415544,0.90107111,1.73456002172234
Panama,2017,34009.242533623,0.90107111,1.71694872170027
Panama,2018,33444.290925766,0.90107111,1.67512297561619
Panama,2019,32912.68677945,0.90107111,1.60228973055272
Panama,2020,32438.554804913,0.90107111,1.4510521369147
Panama,2021,32014.5833386,0.90107111,1.3156150150044
Papua New Guinea,2015,92257.998975832,0.132242833,2.54320066295637
Papua New Guinea,2016,90008.404155489,0.132242833,2.46859434505795
Papua New Guinea,2017,87879.092411942,0.132242833,2.39411255967524
Papua New Guinea,2018,85859.203554593,0.132242833,2.325313321969
Papua New Guinea,2019,83940.39037626,0.132242833,2.26018781066996
Papua New Guinea,2020,82156.879638633,0.132242833,2.14763227357632
Papua New Guinea,2021,80507.067887359,0.132242833,2.02856054038959
Paraguay,2015,62766.775386657,1.835399711,1.4220035710818
Paraguay,2016,61878.701659508,1.835399711,1.42498352233719
Paraguay,2017,61014.217192172,1.835399711,1.40691381584073
Paraguay,2018,60181.632845635,1.835399711,1.37397022115058
Paraguay,2019,59382.611952847,1.835399711,1.33657480808218
Paraguay,2020,58587.077966276,1.835399711,1.34872957032065
Paraguay,2021,57843.321376432,1.835399711,1.27761600231743
Peru,2015,61207.6186977,5.626775943,1.17223066396866
Peru,2016,60380.090065201,6.069599374,1.36122543775229
Peru,2017,59477.016110431,6.512422805,1.50694618507609
Peru,2018,58371.732356757,6.955246237,1.87582164020533
Peru,2019,57267.569236622,7.181445604,1.90972560807882
Peru,2020,56442.3891891,7.181445604,1.45140240084226
Peru,2021,55754.819501113,7.181445604,1.22566025209601
Philippines,2015,4649.069727456,26.413940691,1.66983002094225
Philippines,2016,4567.330489536,26.630999694,1.77382446993613
Philippines,2017,4487.602837893,28.062146133,1.76102262001195
Philippines,2018,4411.947457924,28.174200792,1.70024776555145
Philippines,2019,4339.522658306,26.289976759,1.65518369204871
Philippines,2020,4269.505559257,26.743280092,1.62663290469171
Philippines,2021,4206.169831193,27.208915784,1.49455716704944
Poland,2015,1569.262337242,36.164762894,-0.0666411009657168
Poland,2016,1570.118929112,35.614399446,-0.04298513087435
Poland,2017,1570.090446552,34.890965732,0.0124800985844923
Poland,2018,1570.553263341,33.222568363,-0.0002001327828384
Poland,2019,1571.68979852,31.0971928,-0.0244271070993493
Poland,2020,1574.357858463,30.0,-0.175062058196296
Poland,2021,1579.315880039,32.076843198,-0.401728616642455
Portugal,2015,7467.125113418,17.304221642,-0.414141101993213
Portugal,2016,7490.743270453,17.170182841,-0.315459016997883
Portugal,2017,7509.073463769,12.379887482,-0.243889410358812
Portugal,2018,7521.986504157,12.315712276,-0.160104021146769
Portugal,2019,7521.922175705,12.315712276,0.0237334946497115
Portugal,2020,7515.882399551,12.315712276,0.10511412524675
Portugal,2021,7521.790598209,12.315712276,0.626850165433157
Puerto Rico,2015,2030.117217824,19.535610627,-1.75920825815177
Puerto Rico,2016,2068.318602632,19.535610627,-1.93497109034618
Puerto Rico,2017,2109.072934713,19.535610627,-2.4180176217623
Puerto Rico,2018,2139.02518898,19.535610627,-4.0483910336329
Puerto Rico,2019,2156.162662126,19.535610627,0.0106465459574109
Puerto Rico,2020,2170.215835607,19.535610627,2.71397643163413
Puerto Rico,2021,2180.570928751,19.535610627,-0.576507689869367
Qatar,2015,24.020810305,431.034482759,8.65116205432081
Qatar,2016,22.349244711,432.413793103,7.21280238660749
Qatar,2017,21.388362887,431.034482759,4.39455430208811
Qatar,2018,20.963360383,431.034482759,2.00708135491804
Qatar,2019,20.660899426,431.034482759,1.45331728352711
Qatar,2020,21.011561793,431.034482759,-1.68298503942558
Qatar,2021,21.575494702,431.034482759,-2.64853183197257
Romania,2015,10650.515352622,6.052804045,-0.470052227864654
Romania,2016,10708.754802296,5.967606029,-0.573660845379617
Romania,2017,10762.555566053,6.341166557,-0.578007015146885
Romania,2018,10813.094631587,6.00692819,-0.587493307403584
Romania,2019,10858.825485957,6.547139781,-0.526814821936341
Romania,2020,10904.720996842,6.924445277,-0.550759892541776
Romania,2021,10968.74262749,7.362606497,-0.746036478523061
Russian Federation,2015,31281.505457284,3.970886104,0.279352077762368
Russian Federation,2016,31186.48811391,4.120334892,0.258751057379474
Russian Federation,2017,31112.864199219,4.096168705,0.191382528772924
Russian Federation,2018,31070.193999624,4.122242749,0.0721356165400605
Russian Federation,2019,31051.008764882,4.122242749,0.037947213753429
Russian Federation,2020,31077.654226167,4.122242749,-0.143202031827637
Russian Federation,2021,31187.864076047,4.122242749,-0.343724409889771
Rwanda,2015,1142.321294784,16.573270926,2.38595568459796
Rwanda,2016,1114.752542956,17.396840612,2.44299698959529
Rwanda,2017,1087.459636237,18.220410297,2.47880785239257
Rwanda,2018,1061.299375158,19.043979983,2.43503841544025
Rwanda,2019,1036.226800596,20.198675497,2.39079436618151
Rwanda,2020,1011.68673128,20.198675497,2.3967070500013
Rwanda,2021,987.97434654,20.198675497,2.3717515483557
Sao Tome and Principe,2015,10839.084345976,1.808536099,1.81982389154769
Sao Tome and Principe,2016,10653.270260761,1.876146789,1.72916107570727
Sao Tome and Principe,2017,10478.955565383,1.876146789,1.64978976233713
Sao Tome and Principe,2018,10314.936785525,1.876146789,1.57759960331955
Sao Tome and Principe,2019,10158.481633186,1.876146789,1.52840326719874
Sao Tome and Principe,2020,9970.682534383,1.876146789,1.86599449843616
Sao Tome and Principe,2021,9771.096379764,1.876146789,2.02203616729568
Saudi Arabia,2015,73.28278287,948.875,1.92462213676111
Saudi Arabia,2016,71.82130142,929.583333333,2.014458627481
Saudi Arabia,2017,70.189554496,955.958333333,2.29816056079707
Saudi Arabia,2018,68.53592109,974.166666667,2.38415003117342
Saudi Arabia,2019,66.987907175,974.166666667,2.28458901092139
Saudi Arabia,2020,66.672024505,974.166666667,0.472667096302666
Saudi Arabia,2021,66.758652672,974.166666667,-0.129847471045763
Senegal,2015,2714.510216889,12.98536654,2.72463609047466
Senegal,2016,2641.791032635,13.075988323,2.7154429589038
Senegal,2017,2570.954755748,13.155802871,2.7179778377713
Senegal,2018,2502.101296386,16.086124402,2.71464328183934
Senegal,2019,2435.506116858,16.276448698,2.69763115886709
Senegal,2020,2370.997534698,16.276448698,2.68438184925041
Senegal,2021,2309.097976384,16.276448698,2.64538054494311
Serbia,2015,21570.594624959,5.284571171,-0.494772574469842
Serbia,2016,21646.038427991,5.304857433,-0.523694463062603
Serbia,2017,21728.413584679,6.059957173,-0.532191341024444
Serbia,2018,21819.205151377,6.263383298,-0.546351968633598
Serbia,2019,21915.791476243,6.331567677,-0.536610017822353
Serbia,2020,22044.018725184,5.990082272,-0.666107601320794
Serbia,2021,22229.016705887,5.692550434,-0.943688169512831
Sierra Leone,2015,21873.542760657,0.495794393,2.40868716120881
Sierra Leone,2016,21350.661530231,0.495794393,2.4195089151865
Sierra Leone,2017,20839.940788518,0.495794393,2.42113485779471
Sierra Leone,2018,20352.917037312,0.495794393,2.36471306664028
Sierra Leone,2019,19883.611281365,0.495794393,2.33284062492806
Sierra Leone,2020,19431.695767655,0.495794393,2.29903034010859
Sierra Leone,2021,19000.92878915,0.495794393,2.24176737112654
Singapore,2015,106.194351947,84.583333333,1.18637693749822
Singapore,2016,105.043248932,84.966666667,1.29743609938602
Singapore,2017,104.085584719,83.216666667,0.0885954699924263
Singapore,2018,103.189643475,81.383333333,0.469704298714121
Singapore,2019,102.277289072,82.166666667,1.14428330688929
Singapore,2020,101.525093027,83.116666667,-0.311904961250833
Singapore,2021,100.992078855,83.116666667,-4.17033630017526
Slovenia,2015,15315.768176842,6.064908722,0.075190689011533
Slovenia,2016,15248.65790758,5.999323868,0.0731972072415279
Slovenia,2017,15187.820006939,6.29749831,0.0651590392490152
Slovenia,2018,15133.499594477,6.497633536,0.362584395134764
Slovenia,2019,15083.527339899,6.382691007,0.696304046333357
Slovenia,2020,15049.765281273,6.781609195,0.669754656164979
Slovenia,2021,15037.2037501,6.29479378,0.268851969969908
Somalia,2015,1068.010781242,24.527740592,3.35915033288915
Somalia,2016,1028.486486982,24.527740592,3.77095438271416
Somalia,2017,988.951926912,24.527740592,3.91978477697357
Somalia,2018,953.858304933,24.527740592,3.61305895751929
Somalia,2019,919.825045522,24.527740592,3.63316490449428
Somalia,2020,888.9149046,24.527740592,3.41819734760827
Somalia,2021,861.382920394,24.527740592,3.14623658777376
South Africa,2015,918.990923269,59.750240154,2.07401685853513
South Africa,2016,910.101567335,60.999039385,0.97200398206436
South Africa,2017,906.583756007,62.055715658,0.387278487857363
South Africa,2018,895.541103462,62.888248479,1.22553003994341
South Africa,2019,884.01796235,64.040986231,1.29507386292128
South Africa,2020,873.270700805,65.033621518,1.22317929511453
South Africa,2021,864.590846062,66.890810118,0.998920418563044
South Sudan,2015,4421.893679988,4.226075787,-0.169451605224622
South Sudan,2016,4473.118590507,4.226075787,-1.15177978960304
South Sudan,2017,4644.300092717,4.226075787,-3.75548445756917
South Sudan,2018,4761.754053191,4.226075787,-2.49754177378349
South Sudan,2019,4737.900311897,4.226075787,0.502203354157719
South Sudan,2020,4667.069637487,4.226075787,1.50626772829854
South Sudan,2021,4605.391452691,4.226075787,1.33037160015506
Spain,2015,2401.395161053,42.958418541,-0.077588861590047
Spain,2016,2399.226308689,42.564417178,0.0844301500680736
Spain,2017,2393.516939338,41.027948194,0.234587922968563
Spain,2018,2382.883773636,40.09406953,0.437982993728698
Spain,2019,2365.72786381,39.828902522,0.717715637103499
Spain,2020,2354.118198311,43.25403923,0.488502131838585
Spain,2021,2348.014248551,43.25403923,0.105799194264084
Sri Lanka,2015,2474.609823629,90.785413745,0.45678230624613
Sri Lanka,2016,2464.35391408,90.785413745,0.415306725656826
Sri Lanka,2017,2455.035992548,90.785413745,0.378824726327831
Sri Lanka,2018,2446.629420441,90.785413745,0.755904689076255
Sri Lanka,2019,2438.83692606,90.785413745,0.611875945764341
Sri Lanka,2020,2431.490117996,90.785413745,0.530626559530355
Sri Lanka,2021,2424.972699538,90.785413745,1.07544995696428
Sub-Saharan Africa,2015,3966.654264433,5.91,2.77045419545459
Sub-Saharan Africa,2016,3862.297784694,6.0,2.72204051667558
Sub-Saharan Africa,2017,3762.63891729,6.01,2.67616896436238
Sub-Saharan Africa,2018,3665.290704946,6.14,2.68061789151149
Sub-Saharan Africa,2019,3570.495735587,6.2,2.66797601623151
Sub-Saharan Africa,2020,3478.495496493,6.26,2.65285160970254
Sub-Saharan Africa,2021,3390.827808059,6.3,2.59366611880554
Sudan,2015,990.275961617,118.656387665,3.10751167131043
Sudan,2016,959.947120627,118.656387665,3.11054531285464
Sudan,2017,929.207468626,118.656387665,3.25461617065729
Sudan,2018,900.020164737,118.656387665,3.19148702209797
Sudan,2019,874.350450717,118.656387665,2.89358996893094
Sudan,2020,850.57575653,118.656387665,2.75677878454575
Sudan,2021,827.908814912,118.656387665,2.70104593999388
Suriname,2015,172031.799817542,3.950609365,1.01174763212586
Suriname,2016,170263.116709347,3.950609365,1.03343565089089
Suriname,2017,168493.717226696,3.950609365,1.04465232671753
Suriname,2018,166746.671382734,3.950609365,1.04227397350428
Suriname,2019,164917.266504637,3.950609365,1.10317898471941
Suriname,2020,163079.736107336,3.950609365,1.12046732560236
Suriname,2021,161504.767653368,3.950609365,0.970459647008266
Sweden,2015,17666.14219884,3.427128427,1.05745468551674
Sweden,2016,17481.609397149,3.458297258,1.25645398510305
Sweden,2017,17299.335168654,3.48946609,1.34744505956262
Sweden,2018,17122.111553903,3.520634921,1.16164515996039
Sweden,2019,16945.979916871,3.551803752,1.01372226345511
Sweden,2020,16780.839059313,3.582972583,0.722703912882934
Sweden,2021,16623.52035144,3.582972583,0.600591532839468
Switzerland,2015,6460.001362034,6.506167048,1.13833715247736
Switzerland,2016,6389.663411641,6.498855835,1.09203117387253
Switzerland,2017,6330.097174682,6.498855835,0.933155888738653
Switzerland,2018,6283.447613781,6.498855835,0.736633975172522
Switzerland,2019,6238.639262987,6.498855835,0.713313668444329
Switzerland,2020,6193.123826707,6.498855835,0.730676195047382
Switzerland,2021,6155.505795035,6.498855835,0.765501039496593
Syrian Arab Republic,2015,874.868225642,124.360138926,-4.41574372125213
Syrian Arab Republic,2016,885.982742689,124.360138926,-1.2624196887222
Syrian Arab Republic,2017,885.090336686,124.360138926,0.100775748776037
Syrian Arab Republic,2018,869.063136801,124.360138926,1.82739379772332
Syrian Arab Republic,2019,835.993141891,124.360138926,3.87953676012686
Syrian Arab Republic,2020,808.854165789,124.360138926,3.30017735470972
Syrian Arab Republic,2021,787.924912378,124.360138926,2.62158395663386
Tajikistan,2015,2570.370491161,68.741258741,2.34681604248609
Tajikistan,2016,2511.08326367,57.718696398,2.33358093103683
Tajikistan,2017,2454.757563281,52.698245151,2.26862350493592
Tajikistan,2018,2400.272038134,64.480802217,2.24459239892603
Tajikistan,2019,2346.577376059,69.943264283,2.26242493497438
Tajikistan,2020,2295.873913245,69.943264283,2.18442696878278
Tajikistan,2021,2247.16473656,69.943264283,2.14442565988658
Thailand,2015,6239.615370767,23.013935183,0.475496516958531
Thailand,2016,6211.987057324,23.013935183,0.443771939293856
Thailand,2017,6186.475645743,23.013935183,0.411525980201064
Thailand,2018,6166.505749749,23.013935183,0.323321354607029
Thailand,2019,6150.943200953,23.013935183,0.252691237274251
Thailand,2020,6136.494233898,23.013935183,0.235182865291138
Thailand,2021,6125.743621575,23.013935183,0.175345074912752
Timor-Leste,2015,6812.830845247,28.268210323,1.755472385901
Timor-Leste,2016,6708.52108754,28.268210323,1.54292008005404
Timor-Leste,2017,6607.761203634,28.268210323,1.51336243484312
Timor-Leste,2018,6510.308318375,28.268210323,1.48580822686323
Timor-Leste,2019,6415.773352556,28.268210323,1.46272712419968
Timor-Leste,2020,6319.255074058,28.268210323,1.51582114075127
Timor-Leste,2021,6219.046710605,28.268210323,1.59847001383189
Togo,2015,1967.021216666,3.391634981,2.50454574117742
Togo,2016,1918.720894505,3.391634981,2.48615624048351
Togo,2017,1871.944957178,3.391634981,2.46807888446754
Togo,2018,1826.840613376,3.391634981,2.43899403472361
Togo,2019,1783.310975224,3.391634981,2.41162991553907
Togo,2020,1741.173906555,3.391634981,2.39121902175851
Togo,2021,1700.438493347,3.391634981,2.36733896209991
Trinidad and Tobago,2015,2629.81816588,20.326481258,0.653834662094362
Trinidad and Tobago,2016,2613.436055889,20.326481258,0.624885332854343
Trinidad and Tobago,2017,2597.038969787,20.326481258,0.629391376030142
Trinidad and Tobago,2018,2551.988457569,20.326481258,1.74990956858395
Trinidad and Tobago,2019,2526.390583932,20.326481258,1.00812051332522
Trinidad and Tobago,2020,2529.399326943,20.326481258,-0.119021692717152
Trinidad and Tobago,2021,2516.938537541,20.326481258,0.493855744994371
Tunisia,2015,399.298169657,92.024477566,1.12092816818669
Tunisia,2016,394.928248426,94.609349212,1.10043313328375
Tunisia,2017,390.722793142,89.531015921,1.07057592442396
Tunisia,2018,386.741317657,95.9987812,1.02422998971065
Tunisia,2019,383.009356383,96.310590864,0.969662162376028
Tunisia,2020,379.469257769,98.113399182,0.928583172377061
Tunisia,2021,376.336974818,98.113399182,0.828863470070942
Turkmenistan,2015,4294.684181602,144.731736218,1.80727172800112
Turkmenistan,2016,4219.944207788,144.861926842,1.75561140344976
Turkmenistan,2017,4149.365079285,148.666666667,1.68665774624937
Turkmenistan,2018,4083.220199088,138.485316847,1.60693880017627
Turkmenistan,2019,4021.323651196,142.751674395,1.52748266915759
Turkmenistan,2020,3962.122334467,135.213807316,1.4831290153972
Turkmenistan,2021,3905.008865702,135.213807316,1.45197711119455
Uganda,2015,1603.635005629,5.82799634,3.09130915647166
Uganda,2016,1551.035827405,5.82799634,3.33499474701031
Uganda,2017,1497.741488075,5.82799634,3.49646846553214
Uganda,2018,1447.655743129,5.82799634,3.40127795850029
Uganda,2019,1399.331487426,5.82799634,3.39509056427404
Uganda,2020,1353.463044637,5.82799634,3.33280874526165
Uganda,2021,1310.688074601,5.82799634,3.211427903809
Ukraine,2015,3896.620921831,11.802280383,-0.231768289564786
Ukraine,2016,3909.570527388,12.082145634,-0.286266281053467
Ukraine,2017,3925.005962637,13.87017362,-0.350266732307706
Ukraine,2018,3943.577325906,13.87017362,-0.424631989450114
Ukraine,2019,3964.615759112,13.728945323,-0.484656962511515
Ukraine,2020,3991.831775719,12.255765742,-0.601605747337822
Ukraine,2021,4026.516753806,12.255765742,-0.814860929840815
United Arab Emirates,2015,16.821991592,1696.363636364,0.911950036242349
United Arab Emirates,2016,16.677297517,1679.333333333,0.863868922846647
United Arab Emirates,2017,16.541145106,1630.0,0.819744473334198
United Arab Emirates,2018,16.411075113,1667.333333333,0.789450107726376
United Arab Emirates,2019,16.283715297,1628.666666667,0.779087177439076
United Arab Emirates,2020,16.151107175,1587.333333333,0.817694385518168
United Arab Emirates,2021,16.016836899,1533.333333333,0.834812788038646
Uruguay,2015,50605.116112587,9.786096257,0.328384512874787
Uruguay,2016,50442.824727881,9.786096257,0.32121688556848
Uruguay,2017,50318.508561744,9.786096257,0.24675383930737
Uruguay,2018,50247.414534167,9.786096257,0.141387931879728
Uruguay,2019,50227.379522105,9.786096257,0.0398806735871464
Uruguay,2020,50217.463195732,9.786096257,0.0197448194187447
Uruguay,2021,50258.882863531,9.786096257,-0.0824466091158564
Uzbekistan,2015,1579.028128381,158.130197878,1.74425837484667
Uzbekistan,2016,1553.718505884,156.438199025,1.73884926199094
Uzbekistan,2017,1529.78421309,168.913105822,1.68350632535532
Uzbekistan,2018,1506.028923151,160.384284485,1.73698637655233
Uzbekistan,2019,1481.944296361,151.84399197,1.87647016682647
Uzbekistan,2020,1457.646118957,143.260682535,1.92212652692564
Uzbekistan,2021,1433.917906483,121.835388586,1.97570606573325
Viet Nam,2015,9590.048737519,18.130315379,1.04227094610537
Viet Nam,2016,9493.75016436,18.130315379,1.00922663268309
Viet Nam,2017,9402.226332172,18.130315379,0.968719959338428
Viet Nam,2018,9314.926418382,18.130315379,0.932840031984421
Viet Nam,2019,9231.053610149,18.130315379,0.904491214904611
Viet Nam,2020,9147.770608571,18.130315379,0.906299234852032
Viet Nam,2021,9070.871844551,18.130315379,0.84418167703331
World,2015,5752.715086341,18.06,1.18823193967125
World,2016,5686.210806956,18.23,1.17101807621323
World,2017,5621.61670543,18.37,1.15010554426232
World,2018,5560.196705428,18.34,1.1094956711293
World,2019,5502.093168959,18.39,1.06441786899182
World,2020,5448.78275733,18.23,1.01446264822331
World,2021,5401.731621567,18.55,0.865485516075239
Zambia,2015,6449.933315813,2.835497836,3.19189626183661
Zambia,2016,6250.089084643,2.835497836,3.14740749310829
Zambia,2017,6058.484960216,2.835497836,3.11359549302693
Zambia,2018,5875.792145647,2.835497836,3.06188780166712
Zambia,2019,5701.701865517,2.835497836,3.00761810683645
Zambia,2020,5536.854290124,2.835497836,2.9338181351684
Zambia,2021,5381.77616587,2.835497836,2.84080597789489
Zimbabwe,2015,1412.934582471,31.87194893,2.13629423811133
Zimbabwe,2016,1383.82409271,31.937664288,2.08180572500247
Zimbabwe,2017,1355.830998649,31.346226061,2.04361989880383
Zimbabwe,2018,1328.710836912,35.405385383,2.02053728777103
Zimbabwe,2019,1302.540579349,39.769661782,1.98925274777043
Zimbabwe,2020,1276.35139128,46.091620306,2.03111171035477
Zimbabwe,2021,1250.506142361,46.091620306,2.0457148779533
